tissue	genetics	zinc	rep
GSM2047275	Root	WT	-	1
GSM2047276	Root	WT	-	2
GSM2047277	Root	WT	-	3
GSM2047278	Root	WT	-	4
GSM2047279	Root	Mut	-	1
GSM2047280	Root	Mut	-	2
GSM2047281	Root	Mut	-	3
GSM2047282	Root	Mut	-	4
GSM2047283	Root	Wt	+	1
GSM2047284	Root	 Wt	+	2
GSM2047285	Root	 Wt	+	3
GSM2047286	Root	 Wt	+	4
GSM2047287	Root	 Mut	+	1
GSM2047288	Root	 Mut	+	2
GSM2047289	Root	 Mut	+	3
GSM2047290	Root	 Mut	+	4
GSM2047291	Root	 WT	++	1
GSM2047292	Root	 WT	++	2
GSM2047293	Root	 WT	++	3
GSM2047294	Root	 WT	++	4
GSM2047295	Root	 Mut	++	1
GSM2047296	Root	 Mut	++	2
GSM2047297	Root	 Mut	++	3
GSM2047298	Root	 Mut	++	4
GSM2047299	Shoot	 WT	-	1
GSM2047300	Shoot	 WT	-	2
GSM2047301	Shoot	 WT	-	3
GSM2047302	Shoot	 Mut	-	1
GSM2047303	Shoot	 Mut	-	2
GSM2047304	Shoot	 Mut	-	3
GSM2047305	Shoot	 WT	+	1
GSM2047306	Shoot	 WT	+	2
GSM2047307	Shoot	 WT	+	3
GSM2047308	Shoot	 Mut	+	1
GSM2047309	Shoot	 Mut	+	2
GSM2047310	Shoot	 Mut	+	3
GSM2047311	Shoot	 WT	++	1
GSM2047312	Shoot	 WT	++	2
GSM2047313	Shoot	 WT	++	3
GSM2047314	Shoot	 Mut	++	1
GSM2047315	Shoot	 Mut	++	2
GSM2047316	Shoot	 Mut	++	3